{
  	"data":[
  		[
		  	{"itemId":"19397140337","fanli":"50.05","title":"德国克奈圃再生面部精油*2","price":"109.0","oldPrice":"170.0","imageUrl":"https://img.alicdn.com/imgextra/i1/760595523/TB2noo9folnpuFjSZFjXXXTaVXa_!!760595523.jpg","tk_rate":"0.56","isTaoke":"NO","isTmall":"YES","tfRate":"0.45","tmRate":"0.0058","rate":"45.92","jfb":"5005","discount":""},
		  	{"itemId":"538989132477","fanli":"45.94","title":"卡迪那无硅油洗发水套装","price":"58.0","oldPrice":"129.0","imageUrl":"https://img.alicdn.com/imgextra/i1/1748999930/TB20TNblstnpuFjSZFvXXbcTpXa_!!1748999930.jpg","tk_rate":"0.9","isTaoke":"NO","isTmall":"YES","tfRate":"0.45","tmRate":"0.0058","rate":"79.20","jfb":"4594","discount":""},
		  	{"itemId":"548478131468","fanli":"4.12","title":"佳食佳手撕面包2斤","price":"16.8","oldPrice":"30.0","imageUrl":"https://img.alicdn.com/imgextra/i1/654768125/TB2jjlfl_cCL1FjSZFPXXXZgpXa_!!654768125.gif","tk_rate":"0.35","isTaoke":"NO","isTmall":"YES","tfRate":"0.45","tmRate":"0.0058","rate":"24.50","jfb":"412","discount":""},
		  	{"itemId":"544544310646","fanli":"20.35","title":"舒黛丝护发素正品柔顺","price":"29.9","oldPrice":"69.0","imageUrl":"https://img.alicdn.com/imgextra/i2/2988606824/TB2oPHLsHBnpuFjSZFGXXX51pXa_!!2988606824.jpg","tk_rate":"0.83","isTaoke":"NO","isTmall":"YES","tfRate":"0.45","tmRate":"0.0058","rate":"68.06","jfb":"2035","discount":""},
		  	{"itemId":"543186306410","fanli":"30.94","title":"秀尔凯烫钻修身短袖t恤","price":"49.0","oldPrice":"89.0","imageUrl":"https://img.alicdn.com/imgextra/i3/2866159524/TB2CWzFr.hnpuFjSZFpXXcpuXXa_!!2866159524.jpg","tk_rate":"0.77","isTaoke":"NO","isTmall":"YES","tfRate":"0.45","tmRate":"0.0058","rate":"63.14","jfb":"3094","discount":""},
		  	{"itemId":"520392711165","fanli":"110.26","title":"乔丹男鞋夏季透气跑步鞋","price":"179.0","oldPrice":"359.0","imageUrl":"https://img.alicdn.com/imgextra/i1/2455057195/TB2jADNpNXkpuFjy0FiXXbUfFXa_!!2455057195.jpg","tk_rate":"0.7","isTaoke":"NO","isTmall":"YES","tfRate":"0.45","tmRate":"0.0058","rate":"61.60","jfb":"11026","discount":""},
		  	{"itemId":"21671327011","fanli":"10.14","title":"威露士洗洁精1.28kg*3","price":"39.9","oldPrice":"89.0","imageUrl":"https://img.alicdn.com/imgextra/i1/1076179705/TB2R0Z8sOpnpuFjSZFIXXXh2VXa_!!1076179705.jpg","tk_rate":"0.31","isTaoke":"NO","isTmall":"YES","tfRate":"0.45","tmRate":"0.0058","rate":"25.42","jfb":"1014","discount":""},
		  	{"itemId":"550154120381","fanli":"245.75","title":"美的速热电热水器50升","price":"999.0","oldPrice":"1599.0","imageUrl":"https://img.alicdn.com/imgextra/i1/2108322439/TB2bgz5st4opuFjSZFLXXX8mXXa_!!2108322439.jpg","tk_rate":"0.3","isTaoke":"NO","isTmall":"YES","tfRate":"0.45","tmRate":"0.0058","rate":"24.60","jfb":"24575","discount":""},
		  	{"itemId":"37353866249","fanli":"17.66","title":"宁夏中宁大枸杞王500g","price":"35.9","oldPrice":"88.0","imageUrl":"https://img.alicdn.com/imgextra/i2/889636715/TB2ucegoYJkpuFjy1zcXXa5FFXa_!!889636715.jpg","tk_rate":"0.6","isTaoke":"NO","isTmall":"YES","tfRate":"0.45","tmRate":"0.0058","rate":"49.20","jfb":"1766","discount":""},
		  	{"itemId":"531367043821","fanli":"50.50","title":"飘影芦荟洗发护发套装","price":"69.9","oldPrice":"197.0","imageUrl":"https://img.alicdn.com/bao/uploaded/i4/TB1gt_4JFXXXXciXFXXXXXXXXXX_!!0-item_pic.jpg","tk_rate":"0.85","isTaoke":"NO","isTmall":"YES","tfRate":"0.45","tmRate":"0.0058","rate":"72.25","jfb":"5050","discount":""},
		  	{"itemId":"544835951784","fanli":"6.70","title":"韩版夏薄款绵绸睡衣","price":"29.0","oldPrice":"138.0","imageUrl":"https://img.alicdn.com/imgextra/i3/2277710772/TB2UPCmtbBmpuFjSZFuXXaG_XXa_!!2277710772.jpg","tk_rate":"0.33","isTaoke":"NO","isTmall":"YES","tfRate":"0.45","tmRate":"0.0058","rate":"23.10","jfb":"670","discount":""},
		  	{"itemId":"548231457912","fanli":"33.61","title":"洁婷卫生巾96片","price":"65.9","oldPrice":"79.6","imageUrl":"https://img.alicdn.com/imgextra/i4/1104080214/TB2DFBblMJlpuFjSspjXXcT.pXa_!!1104080214.jpg","tk_rate":"0.6","isTaoke":"NO","isTmall":"YES","tfRate":"0.45","tmRate":"0.0058","rate":"51.00","jfb":"3361","discount":""}
  		],
  		[
			{"itemId":"538989132477","fanli":"53.86","title":"卡迪那无硅油洗发水套装","price":"68.0","oldPrice":"129.0","imageUrl":"https://img.alicdn.com/imgextra/i1/1748999930/TB20TNblstnpuFjSZFvXXbcTpXa_!!1748999930.jpg","tk_rate":"0.9","isTaoke":"NO","isTmall":"YES","tfRate":"0.45","tmRate":"0.0058","rate":"79.20","jfb":"5386","discount":""},
			{"itemId":"520392711165","fanli":"110.26","title":"乔丹男鞋夏季透气跑步鞋","price":"179.0","oldPrice":"359.0","imageUrl":"https://img.alicdn.com/imgextra/i1/2455057195/TB2jADNpNXkpuFjy0FiXXbUfFXa_!!2455057195.jpg","tk_rate":"0.7","isTaoke":"NO","isTmall":"YES","tfRate":"0.45","tmRate":"0.0058","rate":"61.60","jfb":"11026","discount":""},
			{"itemId":"37353866249","fanli":"17.66","title":"宁夏中宁大枸杞王500g","price":"35.9","oldPrice":"88.0","imageUrl":"https://img.alicdn.com/imgextra/i2/889636715/TB2ucegoYJkpuFjy1zcXXa5FFXa_!!889636715.jpg","tk_rate":"0.6","isTaoke":"NO","isTmall":"YES","tfRate":"0.45","tmRate":"0.0058","rate":"49.20","jfb":"1766","discount":""},
			{"itemId":"543186306410","fanli":"30.94","title":"秀尔凯烫钻修身短袖t恤","price":"49.0","oldPrice":"89.0","imageUrl":"https://img.alicdn.com/imgextra/i3/2866159524/TB2CWzFr.hnpuFjSZFpXXcpuXXa_!!2866159524.jpg","tk_rate":"0.77","isTaoke":"NO","isTmall":"YES","tfRate":"0.45","tmRate":"0.0058","rate":"63.14","jfb":"3094","discount":""},
			{"itemId":"548982592260","fanli":"5.16","title":"油桃新鲜水果5斤","price":"22.8","oldPrice":"42.0","imageUrl":"https://img.alicdn.com/imgextra/i2/880957299/TB2YNsFm_cCL1FjSZFPXXXZgpXa_!!880957299.jpg","tk_rate":"0.31","isTaoke":"NO","isTmall":"YES","tfRate":"0.45","tmRate":"0.0058","rate":"22.63","jfb":"516","discount":""},
			{"itemId":"549068100678","fanli":"3.55","title":"嘉兴粽子130g*6只","price":"16.9","oldPrice":"29.9","imageUrl":"https://img.alicdn.com/imgextra/i1/880957299/TB2j2jErUdnpuFjSZPhXXbChpXa_!!880957299.jpg","tk_rate":"0.3","isTaoke":"NO","isTmall":"NO","tfRate":"0.45","tmRate":"0.0058","rate":"21.00","jfb":"355","discount":""},
			{"itemId":"550546146560","fanli":"6.05","title":"电热蚊香液6瓶套装","price":"28.8","oldPrice":"39.0","imageUrl":"https://img.alicdn.com/imgextra/i2/880957299/TB2B1tFqxXkpuFjy0FiXXbUfFXa_!!880957299.jpg","tk_rate":"0.3","isTaoke":"NO","isTmall":"YES","tfRate":"0.45","tmRate":"0.0058","rate":"21.00","jfb":"605","discount":""},
			{"itemId":"546567751764","fanli":"4.18","title":"儿童防蚊裤运动裤","price":"19.9","oldPrice":"128.0","imageUrl":"https://img.alicdn.com/imgextra/i2/654768125/TB2XWoYqmhlpuFjSspkXXa1ApXa_!!654768125.jpg","tk_rate":"0.3","isTaoke":"NO","isTmall":"NO","tfRate":"0.45","tmRate":"0.0058","rate":"21.00","jfb":"418","discount":""},
			{"itemId":"543902283028","fanli":"4.42","title":"酥皮绿豆饼绿豆酥65个","price":"15.8","oldPrice":"36.8","imageUrl":"https://img.alicdn.com/imgextra/i2/2275267233/TB2X28Fqw0kpuFjSspdXXX4YXXa_!!2275267233.jpg","tk_rate":"0.4","isTaoke":"NO","isTmall":"NO","tfRate":"0.45","tmRate":"0.0058","rate":"28.00","jfb":"442","discount":""},
			{"itemId":"550451063831","fanli":"6.33","title":"预售正宗武台黄桃5斤","price":"25.5","oldPrice":"52.0","imageUrl":"https://img.alicdn.com/imgextra/i1/654768125/TB2IoUqsEhnpuFjSZFpXXcpuXXa_!!654768125.jpg","tk_rate":"0.34","isTaoke":"NO","isTmall":"NO","tfRate":"0.45","tmRate":"0.0058","rate":"24.82","jfb":"633","discount":""},
			{"itemId":"531367043821","fanli":"50.50","title":"飘影芦荟洗发护发套装","price":"69.9","oldPrice":"197.0","imageUrl":"https://img.alicdn.com/bao/uploaded/i4/TB1gt_4JFXXXXciXFXXXXXXXXXX_!!0-item_pic.jpg","tk_rate":"0.85","isTaoke":"NO","isTmall":"YES","tfRate":"0.45","tmRate":"0.0058","rate":"72.25","jfb":"5050","discount":""},
			{"itemId":"544835951784","fanli":"6.70","title":"韩版夏薄款绵绸睡衣","price":"29.0","oldPrice":"138.0","imageUrl":"https://img.alicdn.com/imgextra/i3/2277710772/TB2UPCmtbBmpuFjSZFuXXaG_XXa_!!2277710772.jpg","tk_rate":"0.33","isTaoke":"NO","isTmall":"YES","tfRate":"0.45","tmRate":"0.0058","rate":"23.10","jfb":"670","discount":""}
		],
		[
			{"itemId":"548478131468","fanli":"4.12","title":"佳食佳手撕面包2斤","price":"16.8","oldPrice":"30.0","imageUrl":"https://img.alicdn.com/imgextra/i1/654768125/TB2jjlfl_cCL1FjSZFPXXXZgpXa_!!654768125.gif","tk_rate":"0.35","isTaoke":"NO","isTmall":"YES","tfRate":"0.45","tmRate":"0.0058","rate":"24.50","jfb":"412","discount":""},
			{"itemId":"545932714375","fanli":"62.30","title":"3斤山东大樱桃车厘子","price":"118.0","oldPrice":"118.8","imageUrl":"https://img.alicdn.com/imgextra/i4/2421021911/TB2NnTqhtBopuFjSZPcXXc9EpXa_!!2421021911.jpg","tk_rate":"0.6","isTaoke":"NO","isTmall":"YES","tfRate":"0.45","tmRate":"0.0058","rate":"52.80","jfb":"6230","discount":""},
			{"itemId":"531306985210","fanli":"56.25","title":"米娅卫生巾组合装","price":"79.9","oldPrice":"159.0","imageUrl":"https://img.alicdn.com/imgextra/i2/2759418554/TB2MIkrXR8lpuFjy0FnXXcZyXXa-2759418554.jpg","tk_rate":"0.8","isTaoke":"NO","isTmall":"YES","tfRate":"0.45","tmRate":"0.0058","rate":"70.40","jfb":"5625","discount":""},
			{"itemId":"38888981202","fanli":"9.75","title":"三家村速溶藕粉400g","price":"19.9","oldPrice":"35.0","imageUrl":"https://img.alicdn.com/imgextra/i1/1750204937/TB21L7RXOBnpuFjSZFzXXaSrpXa_!!1750204937.jpg","tk_rate":"0.7","isTaoke":"NO","isTmall":"YES","tfRate":"0.45","tmRate":"0.0058","rate":"49.00","jfb":"975","discount":""},
			{"itemId":"540068190206","fanli":"9.97","title":"双塔东北黑木耳500g","price":"38.0","oldPrice":"70.0","imageUrl":"https://img.alicdn.com/imgextra/i2/880957299/TB2qJvXm3xlpuFjy0FoXXa.lXXa_!!880957299.jpg","tk_rate":"0.32","isTaoke":"NO","isTmall":"YES","tfRate":"0.45","tmRate":"0.0058","rate":"26.24","jfb":"997","discount":""},
			{"itemId":"545352961267","fanli":"63.07","title":"春秋款情侣运动套装","price":"108.0","oldPrice":"598.0","imageUrl":"https://img.alicdn.com/imgextra/i1/641790746/TB2vF1bqCtkpuFjy0FhXXXQzFXa_!!641790746.jpg","tk_rate":"0.8","isTaoke":"NO","isTmall":"YES","tfRate":"0.45","tmRate":"0.0058","rate":"58.40","jfb":"6307","discount":""},
			{"itemId":"547276218219","fanli":"50.44","title":"婴儿短袖套装0-4岁","price":"69.9","oldPrice":"128.0","imageUrl":"https://img.alicdn.com/imgextra/i1/856570607/TB2Rg_5sEhnpuFjSZFEXXX0PFXa_!!856570607.jpg","tk_rate":"0.88","isTaoke":"NO","isTmall":"NO","tfRate":"0.45","tmRate":"0.0058","rate":"72.16","jfb":"5044","discount":""},
			{"itemId":"44772926275","fanli":"74.09","title":"乔丹女鞋网面运动跑步鞋","price":"139.0","oldPrice":"259.0","imageUrl":"https://img.alicdn.com/imgextra/i2/604371516/TB2z5rkniC9MuFjSZFoXXbUzFXa_!!604371516.jpg","tk_rate":"0.65","isTaoke":"NO","isTmall":"YES","tfRate":"0.45","tmRate":"0.0058","rate":"53.30","jfb":"7409","discount":""},
			{"itemId":"523274060217","fanli":"129.89","title":"燕窝深润臻颜3件套","price":"198.0","oldPrice":"498.0","imageUrl":"https://img.alicdn.com/imgextra/i4/1625276795/TB2WbjrcrWJ.eBjSspdXXXiXFXa_!!1625276795.jpg","tk_rate":"0.8","isTaoke":"NO","isTmall":"YES","tfRate":"0.45","tmRate":"0.0058","rate":"65.60","jfb":"12989","discount":""},
			{"itemId":"550154120381","fanli":"245.75","title":"美的速热电热水器50升","price":"999.0","oldPrice":"1599.0","imageUrl":"https://img.alicdn.com/imgextra/i1/2108322439/TB2bgz5st4opuFjSZFLXXX8mXXa_!!2108322439.jpg","tk_rate":"0.3","isTaoke":"NO","isTmall":"YES","tfRate":"0.45","tmRate":"0.0058","rate":"24.60","jfb":"24575","discount":""},
			{"itemId":"550473201044","fanli":"59.84","title":"敦之盾3条装纯棉沙滩裤","price":"89.0","oldPrice":"518.0","imageUrl":"https://img.alicdn.com/imgextra/i2/2275267233/TB2FpYZpMxlpuFjSszgXXcJdpXa_!!2275267233.jpg","tk_rate":"0.82","isTaoke":"NO","isTmall":"YES","tfRate":"0.45","tmRate":"0.0058","rate":"67.24","jfb":"5984","discount":""},
			{"itemId":"549127810421","fanli":"13.66","title":"保涞福红焖猪蹄200g","price":"23.8","oldPrice":"60.0","imageUrl":"https://img.alicdn.com/imgextra/i3/2873262648/TB2GudVqxXlpuFjSsphXXbJOXXa_!!2873262648.jpg","tk_rate":"0.7","isTaoke":"NO","isTmall":"YES","tfRate":"0.45","tmRate":"0.0058","rate":"57.40","jfb":"1366","discount":""}
		],
		[{"itemId":"545120418748","fanli":"20.79","title":"大樱桃车厘子3斤+2斤","price":"89.0","oldPrice":"198.0","imageUrl":"https://img.alicdn.com/imgextra/i1/654617258/TB2iSuwXCvHfKJjSZFPXXbttpXa_!!654617258.jpg","tk_rate":"0.32","isTaoke":"NO","isTmall":"NO","tfRate":"0.45","tmRate":"0.0058","rate":"23.36","jfb":"2079","discount":""},{"itemId":"546567751764","fanli":"4.18","title":"儿童防蚊裤运动裤","price":"19.9","oldPrice":"128.0","imageUrl":"https://img.alicdn.com/imgextra/i2/654768125/TB2XWoYqmhlpuFjSspkXXa1ApXa_!!654768125.jpg","tk_rate":"0.3","isTaoke":"NO","isTmall":"NO","tfRate":"0.45","tmRate":"0.0058","rate":"21.00","jfb":"418","discount":""},{"itemId":"549068100678","fanli":"3.55","title":"嘉兴粽子130g*6只","price":"16.9","oldPrice":"29.9","imageUrl":"https://img.alicdn.com/imgextra/i1/880957299/TB2j2jErUdnpuFjSZPhXXbChpXa_!!880957299.jpg","tk_rate":"0.3","isTaoke":"NO","isTmall":"NO","tfRate":"0.45","tmRate":"0.0058","rate":"21.00","jfb":"355","discount":""},{"itemId":"540325202401","fanli":"11.42","title":"炸鸡粉500g+腌料28g*2","price":"19.9","oldPrice":"36.0","imageUrl":"https://img.alicdn.com/imgextra/i1/1013121257/TB20cG7cNmJ.eBjy0FhXXbBdFXa_!!1013121257.jpg","tk_rate":"0.7","isTaoke":"NO","isTmall":"YES","tfRate":"0.45","tmRate":"0.0058","rate":"57.40","jfb":"1142","discount":""},{"itemId":"550546146560","fanli":"6.05","title":"电热蚊香液6瓶套装","price":"28.8","oldPrice":"39.0","imageUrl":"https://img.alicdn.com/imgextra/i2/880957299/TB2B1tFqxXkpuFjy0FiXXbUfFXa_!!880957299.jpg","tk_rate":"0.3","isTaoke":"NO","isTmall":"YES","tfRate":"0.45","tmRate":"0.0058","rate":"21.00","jfb":"605","discount":""},{"itemId":"548281019621","fanli":"7.12","title":"粽子鲜肉粽100g*10只","price":"33.9","oldPrice":"49.0","imageUrl":"https://img.alicdn.com/imgextra/i2/880957299/TB2yN2ltZtnpuFjSZFvXXbcTpXa_!!880957299.jpg","tk_rate":"0.3","isTaoke":"NO","isTmall":"NO","tfRate":"0.45","tmRate":"0.0058","rate":"21.00","jfb":"712","discount":""},{"itemId":"548837407255","fanli":"5.63","title":"蛋黄鲜肉粽子100g*8只","price":"26.8","oldPrice":"88.0","imageUrl":"https://img.alicdn.com/imgextra/i4/880957299/TB2AWWOrNtmpuFjSZFqXXbHFpXa_!!880957299.jpg","tk_rate":"0.3","isTaoke":"NO","isTmall":"NO","tfRate":"0.45","tmRate":"0.0058","rate":"21.00","jfb":"563","discount":""},{"itemId":"546352649036","fanli":"376.22","title":"真丝连衣裙桑蚕丝女裙","price":"698.0","oldPrice":"3580.0","imageUrl":"https://img.alicdn.com/imgextra/i1/2921619442/TB2Fzgip9xjpuFjSszeXXaeMVXa_!!2921619442.jpg","tk_rate":"0.7","isTaoke":"NO","isTmall":"YES","tfRate":"0.45","tmRate":"0.0058","rate":"53.90","jfb":"37622","discount":""},{"itemId":"38888981202","fanli":"9.75","title":"三家村速溶藕粉400g","price":"19.9","oldPrice":"35.0","imageUrl":"https://img.alicdn.com/imgextra/i1/1750204937/TB21L7RXOBnpuFjSZFzXXaSrpXa_!!1750204937.jpg","tk_rate":"0.7","isTaoke":"NO","isTmall":"YES","tfRate":"0.45","tmRate":"0.0058","rate":"49.00","jfb":"975","discount":""},{"itemId":"543186306410","fanli":"30.94","title":"秀尔凯烫钻修身短袖t恤","price":"49.0","oldPrice":"89.0","imageUrl":"https://img.alicdn.com/imgextra/i3/2866159524/TB2CWzFr.hnpuFjSZFpXXcpuXXa_!!2866159524.jpg","tk_rate":"0.77","isTaoke":"NO","isTmall":"YES","tfRate":"0.45","tmRate":"0.0058","rate":"63.14","jfb":"3094","discount":""},{"itemId":"543902283028","fanli":"4.42","title":"酥皮绿豆饼绿豆酥65个","price":"15.8","oldPrice":"36.8","imageUrl":"https://img.alicdn.com/imgextra/i2/2275267233/TB2X28Fqw0kpuFjSspdXXX4YXXa_!!2275267233.jpg","tk_rate":"0.4","isTaoke":"NO","isTmall":"NO","tfRate":"0.45","tmRate":"0.0058","rate":"28.00","jfb":"442","discount":""},{"itemId":"531680609255","fanli":"26.29","title":"保涞福酱卤火烧驴肉400g","price":"45.8","oldPrice":"68.0","imageUrl":"https://img.alicdn.com/imgextra/i4/2873262648/TB2vzDXpSBjpuFjy1XdXXaooVXa_!!2873262648.jpg","tk_rate":"0.7","isTaoke":"NO","isTmall":"YES","tfRate":"0.45","tmRate":"0.0058","rate":"57.40","jfb":"2629","discount":""}],
		[{"itemId":"538947068177","fanli":"46.96","title":"茹妆初学者彩妆套装全套","price":"69.0","oldPrice":"262.0","imageUrl":"https://img.alicdn.com/imgextra/i3/2404519579/TB2TKb6tNxmpuFjSZFNXXXrRXXa_!!2404519579.jpg","tk_rate":"0.83","isTaoke":"NO","isTmall":"YES","tfRate":"0.45","tmRate":"0.0058","rate":"68.06","jfb":"4696","discount":""},{"itemId":"40856732315","fanli":"34.15","title":"尚牌原装避孕套80片组合","price":"49.0","oldPrice":"129.0","imageUrl":"https://img.alicdn.com/imgextra/i2/2275267233/TB2esw7qChlpuFjSspkXXa1ApXa_!!2275267233.jpg","tk_rate":"0.85","isTaoke":"NO","isTmall":"YES","tfRate":"0.45","tmRate":"0.0058","rate":"69.70","jfb":"3415","discount":""},{"itemId":"528708663059","fanli":"44.77","title":"绿健园天然维生素E软胶囊","price":"78.0","oldPrice":"160.0","imageUrl":"https://img.alicdn.com/bao/uploaded/i4/TB1r_foNXXXXXboXpXXgZOj_FXX_061307.jpg","tk_rate":"0.7","isTaoke":"NO","isTmall":"YES","tfRate":"0.45","tmRate":"0.0058","rate":"57.40","jfb":"4477","discount":""},{"itemId":"549644768791","fanli":"23.27","title":"儿童宝宝防晒衣超薄透气","price":"43.0","oldPrice":"78.0","imageUrl":"https://img.alicdn.com/imgextra/i2/2275267233/TB2po06qB0kpuFjy1zdXXXuUVXa_!!2275267233.jpg","tk_rate":"0.66","isTaoke":"NO","isTmall":"YES","tfRate":"0.45","tmRate":"0.0058","rate":"54.12","jfb":"2327","discount":""},{"itemId":"536474922170","fanli":"11.42","title":"买2送1】绿瘦荷叶茶4盒","price":"19.9","oldPrice":"168.0","imageUrl":"https://img.alicdn.com/imgextra/i1/1974633863/TB2SVi9mrBnpuFjSZFGXXX51pXa_!!1974633863.jpg","tk_rate":"0.7","isTaoke":"NO","isTmall":"YES","tfRate":"0.45","tmRate":"0.0058","rate":"57.40","jfb":"1142","discount":""},{"itemId":"550633484977","fanli":"73.00","title":"斯丝气垫cc+卸妆油套装","price":"109.9","oldPrice":"219.8","imageUrl":"https://img.alicdn.com/imgextra/i1/880957299/TB2B_qAquJ8puFjy1XbXXagqVXa_!!880957299.jpg","tk_rate":"0.81","isTaoke":"NO","isTmall":"YES","tfRate":"0.45","tmRate":"0.0058","rate":"66.42","jfb":"7300","discount":""},{"itemId":"547458445825","fanli":"39.61","title":"德国原瓶进口甜型起泡酒","price":"69.0","oldPrice":"668.0","imageUrl":"https://img.alicdn.com/tfscom/i3/714365654/TB2MG9wj1tTMeFjSZFOXXaTiVXa_!!714365654.jpg","tk_rate":"0.7","isTaoke":"NO","isTmall":"YES","tfRate":"0.45","tmRate":"0.0058","rate":"57.40","jfb":"3961","discount":""},{"itemId":"551251266079","fanli":"20.25","title":"美特斯邦威男士短袖t恤","price":"38.0","oldPrice":"39.0","imageUrl":"https://img.alicdn.com/imgextra/i3/1582658584/TB28RvFqr0kpuFjy0FjXXcBbVXa_!!1582658584.jpg","tk_rate":"0.65","isTaoke":"NO","isTmall":"NO","tfRate":"0.45","tmRate":"0.0058","rate":"53.30","jfb":"2025","discount":""},{"itemId":"549127810421","fanli":"13.66","title":"保涞福红焖猪蹄200g","price":"23.8","oldPrice":"60.0","imageUrl":"https://img.alicdn.com/imgextra/i3/2873262648/TB2GudVqxXlpuFjSsphXXbJOXXa_!!2873262648.jpg","tk_rate":"0.7","isTaoke":"NO","isTmall":"YES","tfRate":"0.45","tmRate":"0.0058","rate":"57.40","jfb":"1366","discount":""},{"itemId":"549505010204","fanli":"15.74","title":"麻辣小龙虾8-6钱750g","price":"48.0","oldPrice":"98.0","imageUrl":"https://img.alicdn.com/imgextra/i2/127460922/TB26MiKqB8lpuFjSspaXXXJKpXa_!!127460922.jpg","tk_rate":"0.4","isTaoke":"NO","isTmall":"NO","tfRate":"0.45","tmRate":"0.0058","rate":"32.80","jfb":"1574","discount":""},{"itemId":"540022776404","fanli":"21.60","title":"一次性纯棉内裤孕妇8条","price":"29.9","oldPrice":"108.8","imageUrl":"http://img.alicdn.com/bao/uploaded/i4/2094571055/TB20VZesEdnpuFjSZPhXXbChpXa_!!2094571055.jpg","tk_rate":"0.85","isTaoke":"NO","isTmall":"YES","tfRate":"0.45","tmRate":"0.0058","rate":"72.25","jfb":"2160","discount":""},{"itemId":"548269632157","fanli":"4.50","title":"昊聚德蛋黄肉粽140g*8","price":"29.2","oldPrice":"59.6","imageUrl":"https://img.alicdn.com/tfscom/i2/1016531882/TB21HxosxBmpuFjSZFDXXXD8pXa_!!1016531882.jpg","tk_rate":"0.2","isTaoke":"NO","isTmall":"YES","tfRate":"0.45","tmRate":"0.0058","rate":"15.40","jfb":"450","discount":""}],
		[{"itemId":"537619094194","fanli":"19.46","title":"徽记大颗粒瓜子350g*2","price":"33.9","oldPrice":"80.8","imageUrl":"https://img.alicdn.com/imgextra/i2/765519661/TB29GskoR8lpuFjy0FnXXcZyXXa_!!765519661.jpg","tk_rate":"0.7","isTaoke":"NO","isTmall":"YES","tfRate":"0.45","tmRate":"0.0058","rate":"57.40","jfb":"1946","discount":""},{"itemId":"549554011172","fanli":"73.00","title":"波司登17新款休闲九分裤","price":"158.0","oldPrice":"499.0","imageUrl":"https://img.alicdn.com/imgextra/i2/439662048/TB2oXP0amvHfKJjSZFPXXbttpXa_!!439662048.jpg","tk_rate":"0.6","isTaoke":"NO","isTmall":"NO","tfRate":"0.45","tmRate":"0.0058","rate":"46.20","jfb":"7300","discount":""},{"itemId":"531372070738","fanli":"37.19","title":"蕾丝薄款性感聚拢文胸","price":"69.0","oldPrice":"428.0","imageUrl":"https://img.alicdn.com/imgextra/i3/921705597/TB2_LHpsFXXXXcpXXXXXXXXXXXX_!!921705597.jpg","tk_rate":"0.7","isTaoke":"NO","isTmall":"NO","tfRate":"0.45","tmRate":"0.0058","rate":"53.90","jfb":"3719","discount":""},{"itemId":"17548469293","fanli":"34.65","title":"春夏季薄中年男士休闲裤","price":"99.0","oldPrice":"238.0","imageUrl":"https://img.alicdn.com/imgextra/i3/754301993/TB2aZxwcHXlpuFjSszfXXcSGXXa_!!754301993.jpg","tk_rate":"0.5","isTaoke":"NO","isTmall":"YES","tfRate":"0.45","tmRate":"0.0058","rate":"35.00","jfb":"3465","discount":""},{"itemId":"526420703760","fanli":"132.30","title":"狮王乐菲灵分解内脏脂肪","price":"378.0","oldPrice":"757.0","imageUrl":"https://img.alicdn.com/imgextra/i3/273369407/TB2Y1WyqHXlpuFjy1zbXXb_qpXa_!!273369407.jpg","tk_rate":"0.5","isTaoke":"NO","isTmall":"YES","tfRate":"0.45","tmRate":"0.0058","rate":"35.00","jfb":"13230","discount":""},{"itemId":"550857530411","fanli":"25.54","title":"欧洲站气质休闲条纹套裤","price":"89.0","oldPrice":"89.0","imageUrl":"https://img.alicdn.com/imgextra/i2/2275267233/TB2jkJUqHRkpuFjSspmXXc.9XXa_!!2275267233.jpg","tk_rate":"0.41","isTaoke":"NO","isTmall":"NO","tfRate":"0.45","tmRate":"0.0058","rate":"28.70","jfb":"2554","discount":""},{"itemId":"546295240490","fanli":"24.64","title":"香辣小龙虾即食3斤","price":"88.0","oldPrice":"158.0","imageUrl":"https://img.alicdn.com/imgextra/i2/880957299/TB2JBgRqw0kpuFjSspdXXX4YXXa_!!880957299.jpg","tk_rate":"0.4","isTaoke":"NO","isTmall":"YES","tfRate":"0.45","tmRate":"0.0058","rate":"28.00","jfb":"2464","discount":""},{"itemId":"550666195628","fanli":"31.15","title":"丰翔中老年内裤纯棉6条","price":"57.8","oldPrice":"198.0","imageUrl":"https://img.alicdn.com/imgextra/i4/3289517816/TB2NDytqMRkpuFjy1zeXXc.6FXa_!!3289517816.jpg","tk_rate":"0.7","isTaoke":"NO","isTmall":"YES","tfRate":"0.45","tmRate":"0.0058","rate":"53.90","jfb":"3115","discount":""},{"itemId":"543759311027","fanli":"6.52","title":"乐易达南瓜脆70g","price":"17.9","oldPrice":"22.5","imageUrl":"https://img.alicdn.com/imgextra/i1/1582658584/TB2iLW4tYBmpuFjSZFuXXaG_XXa_!!1582658584.jpg","tk_rate":"0.52","isTaoke":"NO","isTmall":"YES","tfRate":"0.45","tmRate":"0.0058","rate":"36.40","jfb":"652","discount":""},{"itemId":"546089319304","fanli":"14.21","title":"创意家居海星地漏阻塞盖","price":"29.0","oldPrice":"49.0","imageUrl":"https://img.alicdn.com/tfscom/i1/TB10UpIPVXXXXXHapXXXXXXXXXX_!!0-item_pic.jpg","tk_rate":"0.7","isTaoke":"NO","isTmall":"YES","tfRate":"0.45","tmRate":"0.0058","rate":"49.00","jfb":"1421","discount":""},{"itemId":"550257872585","fanli":"38.12","title":"90-170斤弹力显瘦七分裤","price":"99.0","oldPrice":"158.0","imageUrl":"https://img.alicdn.com/imgextra/i4/2275267233/TB29gejt4lmpuFjSZPfXXc9iXXa_!!2275267233.jpg","tk_rate":"0.55","isTaoke":"NO","isTmall":"YES","tfRate":"0.45","tmRate":"0.0058","rate":"38.50","jfb":"3811","discount":""},{"itemId":"548152336783","fanli":"72.38","title":"夏雪纺连衣裙中长款大摆","price":"188.0","oldPrice":"298.0","imageUrl":"https://img.alicdn.com/imgextra/i2/2939217311/TB2hng6tHxmpuFjSZJiXXXauVXa_!!2939217311.jpg","tk_rate":"0.5","isTaoke":"NO","isTmall":"YES","tfRate":"0.45","tmRate":"0.0058","rate":"38.50","jfb":"7238","discount":""}],
		[{"itemId":"40142449399","fanli":"53.36","title":"真皮舒适透气豆豆鞋","price":"99.0","oldPrice":"308.0","imageUrl":"https://img.alicdn.com/tfscom/i2/TB26T_LlVXXXXXiXpXXXXXXXXXX_!!923332987.jpg","tk_rate":"0.7","isTaoke":"NO","isTmall":"YES","tfRate":"0.45","tmRate":"0.0058","rate":"53.90","jfb":"5336","discount":""},{"itemId":"520505609457","fanli":"41.89","title":"邦维丝一体式染发梳","price":"68.0","oldPrice":"68.8","imageUrl":"https://img.alicdn.com/tfscom/i4/TB1iIv8LFXXXXaHXFXXXXXXXXXX_!!0-item_pic.jpg","tk_rate":"0.8","isTaoke":"NO","isTmall":"YES","tfRate":"0.45","tmRate":"0.0058","rate":"61.60","jfb":"4189","discount":""},{"itemId":"548160263926","fanli":"87.22","title":"蓬蓬裙名媛气质淑女甜美","price":"178.0","oldPrice":"318.0","imageUrl":"https://img.alicdn.com/imgextra/i1/921705597/TB2CK4AqR8lpuFjy0FnXXcZyXXa_!!921705597.jpg","tk_rate":"0.7","isTaoke":"NO","isTmall":"YES","tfRate":"0.45","tmRate":"0.0058","rate":"49.00","jfb":"8722","discount":""},{"itemId":"544053645422","fanli":"6.98","title":"不锈钢诸葛烤鱼炉鱼盘","price":"23.9","oldPrice":"47.8","imageUrl":"https://img.alicdn.com/imgextra/i4/654617258/TB2XZZks4BmpuFjSZFDXXXD8pXa_!!654617258.jpg","tk_rate":"0.4","isTaoke":"NO","isTmall":"NO","tfRate":"0.45","tmRate":"0.0058","rate":"29.20","jfb":"698","discount":""},{"itemId":"545443821247","fanli":"15.94","title":"比那氏蜂胶漱口水","price":"69.0","oldPrice":"99.0","imageUrl":"https://img.alicdn.com/imgextra/i3/880957299/TB2SQQmnJhvOuFjSZFBXXcZgFXa_!!880957299.jpg","tk_rate":"0.33","isTaoke":"NO","isTmall":"YES","tfRate":"0.45","tmRate":"0.0058","rate":"23.10","jfb":"1594","discount":""},{"itemId":"549952616670","fanli":"144.45","title":"千寻宜雪纺印花连衣裙","price":"268.0","oldPrice":"388.0","imageUrl":"https://img.alicdn.com/imgextra/i1/1582658584/TB2uxXat4xmpuFjSZFNXXXrRXXa_!!1582658584.jpg","tk_rate":"0.7","isTaoke":"NO","isTmall":"YES","tfRate":"0.45","tmRate":"0.0058","rate":"53.90","jfb":"14445","discount":""},{"itemId":"521053384649","fanli":"48.51","title":"休闲韩版旅行背包","price":"99.0","oldPrice":"209.0","imageUrl":"https://img.alicdn.com/imgextra/i3/2454738705/TB2hl20tpXXXXc8XpXXXXXXXXXX_!!2454738705.jpg","tk_rate":"0.7","isTaoke":"NO","isTmall":"YES","tfRate":"0.45","tmRate":"0.0058","rate":"49.00","jfb":"4851","discount":""},{"itemId":"39460983912","fanli":"15.36","title":"妈妈壹选金桔洗洁精1kg*3","price":"39.9","oldPrice":"79.0","imageUrl":"https://img.alicdn.com/imgextra/i3/1890199477/TB2CrMosUdnpuFjSZPhXXbChpXa_!!1890199477.jpg","tk_rate":"0.5","isTaoke":"NO","isTmall":"YES","tfRate":"0.45","tmRate":"0.0058","rate":"38.50","jfb":"1536","discount":""},{"itemId":"546744589502","fanli":"58.31","title":"唐朝夏季印花连衣裙","price":"119.0","oldPrice":"199.0","imageUrl":"https://img.alicdn.com/imgextra/i2/2091025306/TB2HockqCBjpuFjSsplXXa5MVXa_!!2091025306.jpg","tk_rate":"0.7","isTaoke":"NO","isTmall":"YES","tfRate":"0.45","tmRate":"0.0058","rate":"49.00","jfb":"5831","discount":""},{"itemId":"546127642380","fanli":"26.90","title":"拉芳透明质酸洗发水","price":"49.9","oldPrice":"129.0","imageUrl":"https://img.alicdn.com/imgextra/i3/TB1KalFKFXXXXXfXXXXXXXXXXXX_!!0-item_pic.jpg","tk_rate":"0.7","isTaoke":"NO","isTmall":"YES","tfRate":"0.45","tmRate":"0.0058","rate":"53.90","jfb":"2690","discount":""},{"itemId":"549575449622","fanli":"52.63","title":"蓝白条纹衬衫裙连衣裙","price":"179.0","oldPrice":"488.0","imageUrl":"https://img.alicdn.com/imgextra/i3/2275267233/TB2tWN1qR8lpuFjSspaXXXJKpXa_!!2275267233.jpg","tk_rate":"0.42","isTaoke":"NO","isTmall":"YES","tfRate":"0.45","tmRate":"0.0058","rate":"29.40","jfb":"5263","discount":""},{"itemId":"527548934535","fanli":"43.12","title":"夏季薄款AFSJEEP七分裤","price":"88.0","oldPrice":"688.0","imageUrl":"https://img.alicdn.com/imgextra/i2/921705597/TB2ZDFft5pnpuFjSZFkXXc4ZpXa_!!921705597.jpg","tk_rate":"0.7","isTaoke":"NO","isTmall":"YES","tfRate":"0.45","tmRate":"0.0058","rate":"49.00","jfb":"4312","discount":""}],
		[{"itemId":"545109487122","fanli":"6.08","title":"短袜纯棉男士船袜5双","price":"24.8","oldPrice":"89.0","imageUrl":"https://img.alicdn.com/imgextra/i2/439662048/TB28HGkfTcCL1FjSZFPXXXZgpXa_!!439662048.jpg","tk_rate":"0.35","isTaoke":"NO","isTmall":"YES","tfRate":"0.45","tmRate":"0.0058","rate":"24.50","jfb":"608","discount":""},{"itemId":"529118825580","fanli":"4.12","title":"儿童防晒衣服空调衫超薄","price":"16.8","oldPrice":"76.0","imageUrl":"https://img.alicdn.com/imgextra/i4/439662048/TB2SdbkoB0kpuFjSsziXXa.oVXa_!!439662048.jpg","tk_rate":"0.35","isTaoke":"NO","isTmall":"NO","tfRate":"0.45","tmRate":"0.0058","rate":"24.50","jfb":"412","discount":""},{"itemId":"551171284198","fanli":"28.91","title":"白色短袖宽松韩版T恤女","price":"59.0","oldPrice":"118.0","imageUrl":"https://img.alicdn.com/imgextra/i2/604371516/TB2EENbqS0jpuFjy0FlXXc0bpXa_!!604371516.jpg","tk_rate":"0.7","isTaoke":"NO","isTmall":"YES","tfRate":"0.45","tmRate":"0.0058","rate":"49.00","jfb":"2891","discount":""},{"itemId":"551088756050","fanli":"9.80","title":"喜庆婚庆十字绣抱枕一对","price":"20.0","oldPrice":"76.0","imageUrl":"https://img.alicdn.com/imgextra/i1/1097168765/TB2_lL2tJFopuFjSZFHXXbSlXXa_!!1097168765.jpg","tk_rate":"0.7","isTaoke":"NO","isTmall":"YES","tfRate":"0.45","tmRate":"0.0058","rate":"49.00","jfb":"980","discount":""},{"itemId":"45122561426","fanli":"13.81","title":"泰国mistine双头唇彩","price":"29.9","oldPrice":"131.0","imageUrl":"https://img.alicdn.com/imgextra/i2/439662048/TB29i4phpXXXXcNXpXXXXXXXXXX_!!439662048.jpg","tk_rate":"0.6","isTaoke":"NO","isTmall":"NO","tfRate":"0.45","tmRate":"0.0058","rate":"46.20","jfb":"1381","discount":""},{"itemId":"535668728737","fanli":"7.12","title":"安蓓美居家抽纸20包","price":"33.9","oldPrice":"56.0","imageUrl":"https://img.alicdn.com/imgextra/i4/2418992964/TB2BMI9tXXXXXcWXXXXXXXXXXXX_!!2418992964.jpg","tk_rate":"0.3","isTaoke":"NO","isTmall":"YES","tfRate":"0.45","tmRate":"0.0058","rate":"21.00","jfb":"712","discount":""},{"itemId":"534710155675","fanli":"5.63","title":"蚊香液套装3液送1加热器","price":"26.8","oldPrice":"80.0","imageUrl":"https://img.alicdn.com/imgextra/i1/2929089902/TB2EMbRsXXXXXc6XXXXXXXXXXXX_!!2929089902.jpg","tk_rate":"0.3","isTaoke":"NO","isTmall":"YES","tfRate":"0.45","tmRate":"0.0058","rate":"21.00","jfb":"563","discount":""},{"itemId":"531121334140","fanli":"22.98","title":"V领短袖T恤女纯棉","price":"49.0","oldPrice":"98.0","imageUrl":"https://img.alicdn.com/imgextra/i4/2178344275/TB2sIictOpnpuFjSZFkXXc4ZpXa_!!2178344275.jpg","tk_rate":"0.67","isTaoke":"NO","isTmall":"YES","tfRate":"0.45","tmRate":"0.0058","rate":"46.90","jfb":"2298","discount":""},{"itemId":"22270108360","fanli":"5.02","title":"桃胶野生食用桃花泪500g","price":"23.9","oldPrice":"45.0","imageUrl":"https://img.alicdn.com/imgextra/i2/654617258/TB2KUtxqM0kpuFjSspdXXX4YXXa_!!654617258.jpg","tk_rate":"0.3","isTaoke":"NO","isTmall":"NO","tfRate":"0.45","tmRate":"0.0058","rate":"21.00","jfb":"502","discount":""},{"itemId":"545266575460","fanli":"9.62","title":"收纳箱3件套","price":"45.8","oldPrice":"79.8","imageUrl":"https://img.alicdn.com/imgextra/i3/880957299/TB2r7dYqR0kpuFjSsppXXcGTXXa_!!880957299.jpg","tk_rate":"0.3","isTaoke":"NO","isTmall":"YES","tfRate":"0.45","tmRate":"0.0058","rate":"21.00","jfb":"962","discount":""},{"itemId":"44660790150","fanli":"18.43","title":"泰国正品ele洗面奶","price":"39.9","oldPrice":"198.0","imageUrl":"https://img.alicdn.com/imgextra/i2/641790746/TB2BToLqB4lpuFjy1zjXXcAKpXa_!!641790746.jpg","tk_rate":"0.6","isTaoke":"NO","isTmall":"NO","tfRate":"0.45","tmRate":"0.0058","rate":"46.20","jfb":"1843","discount":""},{"itemId":"524817622982","fanli":"9.75","title":"SK安卓苹果通用充电器头","price":"19.9","oldPrice":"25.0","imageUrl":"https://img.alicdn.com/imgextra/i2/2460495926/TB2qtVOktRopuFjSZFtXXcanpXa_!!2460495926.jpg","tk_rate":"0.7","isTaoke":"NO","isTmall":"YES","tfRate":"0.45","tmRate":"0.0058","rate":"49.00","jfb":"975","discount":""}]
  	],
    "rebate" : [
        [{"itemId":"543852758222","fanli":"14.45","title":"波导直板老人手机","price":"99.0","oldPrice":"169.0","imageUrl":"https://img.alicdn.com/imgextra/i1/1834132927/TB2lSY_bwxlpuFjSszbXXcSVpXa_!!1834132927.jpg","tk_rate":"0.2","isTaoke":"NO","isTmall":"YES","tfRate":"0.45","tmRate":"0.0058","rate":"14.60","jfb":"1445","discount":""},{"itemId":"534114677461","fanli":"134.29","title":"925银心形项链爱心吊坠","price":"218.0","oldPrice":"359.0","imageUrl":"https://img.alicdn.com/imgextra/i1/604371516/TB2K554r9VmpuFjSZFFXXcZApXa_!!604371516.jpg","tk_rate":"0.8","isTaoke":"NO","isTmall":"YES","tfRate":"0.45","tmRate":"0.0058","rate":"61.60","jfb":"13429","discount":""},{"itemId":"544005051920","fanli":"35.72","title":"羊皮超薄复古简约女钱包","price":"69.9","oldPrice":"330.0","imageUrl":"https://img.alicdn.com/imgextra/i2/2275267233/TB2_SOzr4hmpuFjSZFyXXcLdFXa_!!2275267233.jpg","tk_rate":"0.7","isTaoke":"NO","isTmall":"NO","tfRate":"0.45","tmRate":"0.0058","rate":"51.10","jfb":"3572","discount":""},{"itemId":"44476810528","fanli":"57.67","title":"澳洲Austtbaby婴儿蚊帐","price":"158.0","oldPrice":"398.0","imageUrl":"https://img.alicdn.com/imgextra/i1/604371516/TB2Iu8fr5pnpuFjSZFIXXXh2VXa_!!604371516.jpg","tk_rate":"0.5","isTaoke":"NO","isTmall":"YES","tfRate":"0.45","tmRate":"0.0058","rate":"36.50","jfb":"5767","discount":""},{"itemId":"41907775821","fanli":"92.09","title":"敏杨36头碗碟套装","price":"299.0","oldPrice":"599.0","imageUrl":"https://img.alicdn.com/imgextra/i2/880957299/TB2g0Gcmr0kpuFjy0FjXXcBbVXa_!!880957299.jpg","tk_rate":"0.4","isTaoke":"NO","isTmall":"YES","tfRate":"0.45","tmRate":"0.0058","rate":"30.80","jfb":"9209","discount":""},{"itemId":"537828870547","fanli":"20.44","title":"简约现代加厚提花窗帘","price":"56.0","oldPrice":"354.0","imageUrl":"https://img.alicdn.com/imgextra/i3/439662048/TB2UFTMbBLzQeBjSZFoXXc5gFXa_!!439662048.jpg","tk_rate":"0.5","isTaoke":"NO","isTmall":"YES","tfRate":"0.45","tmRate":"0.0058","rate":"36.50","jfb":"2044","discount":""},{"itemId":"546457650738","fanli":"5.81","title":"仿真花黄色跳舞兰","price":"19.9","oldPrice":"80.0","imageUrl":"https://img.alicdn.com/imgextra/i1/2826283743/TB26X_fo88lpuFjSspaXXXJKpXa_!!2826283743.jpg","tk_rate":"0.4","isTaoke":"NO","isTmall":"YES","tfRate":"0.45","tmRate":"0.0058","rate":"29.20","jfb":"581","discount":""},{"itemId":"549111324686","fanli":"42.92","title":"家用绗缝床头罩支持定做","price":"98.0","oldPrice":"276.0","imageUrl":"https://img.alicdn.com/imgextra/i4/210248657/TB2cBJer4BmpuFjSZFDXXXD8pXa_!!210248657.jpg","tk_rate":"0.6","isTaoke":"NO","isTmall":"NO","tfRate":"0.45","tmRate":"0.0058","rate":"43.80","jfb":"4292","discount":""},{"itemId":"535747825680","fanli":"19.67","title":"奶油手剥碧根果218g×2袋","price":"49.0","oldPrice":"49.8","imageUrl":"https://img.alicdn.com/imgextra/i4/330936347/TB2_4Q3XSiJ.eBjSszfXXa4bVXa_!!330936347.jpg","tk_rate":"0.55","isTaoke":"NO","isTmall":"YES","tfRate":"0.45","tmRate":"0.0058","rate":"40.15","jfb":"1967","discount":""},{"itemId":"521159302434","fanli":"7.19","title":"五香豌豆800g青豆","price":"19.7","oldPrice":"19.8","imageUrl":"https://img.alicdn.com/imgextra/i3/330936347/TB2R7s3XSiJ.eBjSspoXXcpMFXa_!!330936347.jpg","tk_rate":"0.5","isTaoke":"NO","isTmall":"YES","tfRate":"0.45","tmRate":"0.0058","rate":"36.50","jfb":"719","discount":""},{"itemId":"538166546162","fanli":"6.35","title":"三牛椰丝牛奶饼干1000克","price":"29.0","oldPrice":"38.0","imageUrl":"https://img.alicdn.com/imgextra/i1/2935355590/TB2d4tzX9PA11Bjy0FaXXbucXXa_!!2935355590.jpg","tk_rate":"0.3","isTaoke":"NO","isTmall":"YES","tfRate":"0.45","tmRate":"0.0058","rate":"21.90","jfb":"635","discount":""},{"itemId":"546615868528","fanli":"5.26","title":"泰国露莎士甜辣酱320g*2","price":"24.0","oldPrice":"39.6","imageUrl":"https://img.alicdn.com/imgextra/i1/2144045399/TB2fRvcrHxmpuFjSZJiXXXauVXa_!!2144045399.jpg","tk_rate":"0.3","isTaoke":"NO","isTmall":"YES","tfRate":"0.45","tmRate":"0.0058","rate":"21.90","jfb":"526","discount":""}],
        [{"itemId":"25140532618","fanli":"5.08","title":"8字拉力器扩胸器拉力绳","price":"17.4","oldPrice":"35.0","imageUrl":"https://img.alicdn.com/imgextra/i2/660734680/TB2dOauoY8kpuFjy0FcXXaUhpXa_!!660734680.jpg","tk_rate":"0.4","isTaoke":"NO","isTmall":"YES","tfRate":"0.45","tmRate":"0.0058","rate":"29.20","jfb":"508","discount":""},{"itemId":"9583066712","fanli":"3.25","title":"LIVEUP绳子跳绳比赛","price":"8.9","oldPrice":"49.0","imageUrl":"https://img.alicdn.com/imgextra/i4/921705597/TB2dgZYXStkpuFjy0FhXXXQzFXa_!!921705597.png","tk_rate":"0.5","isTaoke":"NO","isTmall":"YES","tfRate":"0.45","tmRate":"0.0058","rate":"36.50","jfb":"325","discount":""},{"itemId":"41382189399","fanli":"25.40","title":"毕加索916签字笔可刻字","price":"58.0","oldPrice":"98.0","imageUrl":"https://img.alicdn.com/imgextra/i1/2235188043/TB2it9Ro3xlpuFjSszgXXcJdpXa_!!2235188043.jpg","tk_rate":"0.6","isTaoke":"NO","isTmall":"YES","tfRate":"0.45","tmRate":"0.0058","rate":"43.80","jfb":"2540","discount":""},{"itemId":"544953558996","fanli":"30.22","title":"男士纯棉短袖t恤","price":"69.0","oldPrice":"199.0","imageUrl":"https://img.alicdn.com/imgextra/i1/2275267233/TB2bCCnr5pnpuFjSZFIXXXh2VXa_!!2275267233.png","tk_rate":"0.6","isTaoke":"NO","isTmall":"YES","tfRate":"0.45","tmRate":"0.0058","rate":"43.80","jfb":"3022","discount":""},{"itemId":"44982929374","fanli":"40.15","title":"文山超微三七粉满6减1","price":"100.0","oldPrice":"150.0","imageUrl":"https://img.alicdn.com/imgextra/i3/2478020250/TB2MS1kjC0mpuFjSZPiXXbssVXa_!!2478020250.jpg","tk_rate":"0.55","isTaoke":"NO","isTmall":"YES","tfRate":"0.45","tmRate":"0.0058","rate":"40.15","jfb":"4015","discount":""},{"itemId":"537041813661","fanli":"14.53","title":"五谷杂粮低糖饼干1600g","price":"39.8","oldPrice":"90.0","imageUrl":"https://img.alicdn.com/imgextra/i4/2919252280/TB2CxVOmxtmpuFjSZFqXXbHFpXa_!!2919252280.png","tk_rate":"0.5","isTaoke":"NO","isTmall":"YES","tfRate":"0.45","tmRate":"0.0058","rate":"36.50","jfb":"1453","discount":""},{"itemId":"536296341538","fanli":"42.92","title":"清真原切菲力牛排1350g","price":"168.0","oldPrice":"308.0","imageUrl":"https://img.alicdn.com/imgextra/i3/2868057270/TB2qmS5rOpnpuFjSZFkXXc4ZpXa_!!2868057270.jpg","tk_rate":"0.35","isTaoke":"NO","isTmall":"YES","tfRate":"0.45","tmRate":"0.0058","rate":"25.55","jfb":"4292","discount":""},{"itemId":"543820557716","fanli":"36.14","title":"五粮醇50度500ml特价","price":"99.0","oldPrice":"266.0","imageUrl":"https://img.alicdn.com/imgextra/i4/1874293908/TB2AOnzoR0lpuFjSszdXXcdxFXa_!!1874293908.jpg","tk_rate":"0.5","isTaoke":"NO","isTmall":"YES","tfRate":"0.45","tmRate":"0.0058","rate":"36.50","jfb":"3614","discount":""},{"itemId":"535940119177","fanli":"19.93","title":"百合康深海鱼油胶囊","price":"39.0","oldPrice":"52.0","imageUrl":"https://img.alicdn.com/imgextra/i2/1665532099/TB2jvjRorplpuFjSspiXXcdfFXa_!!1665532099.jpg","tk_rate":"0.7","isTaoke":"NO","isTmall":"YES","tfRate":"0.45","tmRate":"0.0058","rate":"51.10","jfb":"1993","discount":""},{"itemId":"538067596546","fanli":"5.21","title":"韩式不锈钢汤锅22CM","price":"24.8","oldPrice":"58.0","imageUrl":"https://img.alicdn.com/imgextra/i2/880957299/TB2m95gr4hmpuFjSZFyXXcLdFXa_!!880957299.jpg","tk_rate":"0.3","isTaoke":"NO","isTmall":"YES","tfRate":"0.45","tmRate":"0.0058","rate":"21.00","jfb":"521","discount":""},{"itemId":"536447127056","fanli":"9.47","title":"午睡枕被子抱枕空调毯","price":"41.0","oldPrice":"139.0","imageUrl":"https://img.alicdn.com/imgextra/i2/921705597/TB2bO8vkShlpuFjSspkXXa1ApXa_!!921705597.jpg","tk_rate":"0.33","isTaoke":"NO","isTmall":"YES","tfRate":"0.45","tmRate":"0.0058","rate":"23.10","jfb":"947","discount":""},{"itemId":"544681351336","fanli":"24.88","title":"家用dvd影碟机CD机","price":"79.0","oldPrice":"208.0","imageUrl":"https://img.alicdn.com/imgextra/i3/467081494/TB2HOogjbBnpuFjSZFGXXX51pXa_!!467081494.jpg","tk_rate":"0.45","isTaoke":"NO","isTmall":"YES","tfRate":"0.45","tmRate":"0.0058","rate":"31.50","jfb":"2488","discount":""}],
        [{"itemId":"520043239504","fanli":"8.74","title":"孕妇内裤纯棉托腹内裤","price":"39.0","oldPrice":"147.0","imageUrl":"https://img.alicdn.com/imgextra/i1/2275267233/TB2IOqyr4hmpuFjSZFyXXcLdFXa_!!2275267233.jpg","tk_rate":"0.32","isTaoke":"NO","isTmall":"YES","tfRate":"0.45","tmRate":"0.0058","rate":"22.40","jfb":"874","discount":""},{"itemId":"547250571341","fanli":"6.59","title":"五芳斋粽子200g*3袋","price":"26.9","oldPrice":"49.9","imageUrl":"https://img.alicdn.com/imgextra/i3/TB1WU7lQXXXXXbkXXXXXXXXXXXX_!!0-item_pic.jpg","tk_rate":"0.35","isTaoke":"NO","isTmall":"YES","tfRate":"0.45","tmRate":"0.0058","rate":"24.50","jfb":"659","discount":""},{"itemId":"38095577589","fanli":"15.63","title":"贝尚衣雅春夏西裤","price":"66.9","oldPrice":"198.0","imageUrl":"https://img.alicdn.com/imgextra/i2/604371516/TB2Di9FmyC9MuFjSZFoXXbUzFXa_!!604371516.jpg","tk_rate":"0.32","isTaoke":"NO","isTmall":"YES","tfRate":"0.45","tmRate":"0.0058","rate":"23.36","jfb":"1563","discount":""},{"itemId":"544772736004","fanli":"8.54","title":"夏季男士休闲短裤","price":"39.0","oldPrice":"258.0","imageUrl":"https://img.alicdn.com/imgextra/i4/2169336481/TB2OoYnlxXkpuFjy0FiXXbUfFXa_!!2169336481.jpg","tk_rate":"0.3","isTaoke":"NO","isTmall":"YES","tfRate":"0.45","tmRate":"0.0058","rate":"21.90","jfb":"854","discount":""},{"itemId":"41341497342","fanli":"4.65","title":"大红门香卤猪头肉","price":"19.9","oldPrice":"35.0","imageUrl":"https://img.alicdn.com/imgextra/i3/921705597/TB23nWAoMxlpuFjSszgXXcJdpXa_!!921705597.jpg","tk_rate":"0.32","isTaoke":"NO","isTmall":"YES","tfRate":"0.45","tmRate":"0.0058","rate":"23.36","jfb":"465","discount":""},{"itemId":"534217852623","fanli":"5.65","title":"妈咪杯面干拌面组合5杯","price":"25.8","oldPrice":"49.0","imageUrl":"https://img.alicdn.com/imgextra/i1/1711948901/TB2.qhDqVXXXXcQXpXXXXXXXXXX_!!1711948901.jpg","tk_rate":"0.3","isTaoke":"NO","isTmall":"YES","tfRate":"0.45","tmRate":"0.0058","rate":"21.90","jfb":"565","discount":""},{"itemId":"37061649823","fanli":"4.91","title":"厨房水槽下水管双槽套装","price":"16.0","oldPrice":"100.0","imageUrl":"https://img.alicdn.com/imgextra/i4/439662048/TB2kVaPo9hlpuFjSspkXXa1ApXa_!!439662048.jpg","tk_rate":"0.42","isTaoke":"NO","isTmall":"YES","tfRate":"0.45","tmRate":"0.0058","rate":"30.66","jfb":"491","discount":""},{"itemId":"527281737365","fanli":"15.11","title":"春夏纯棉立领衬衫","price":"69.0","oldPrice":"112.0","imageUrl":"https://img.alicdn.com/imgextra/i3/604371516/TB2CY2go84lpuFjy1zjXXcAKpXa_!!604371516.jpg","tk_rate":"0.3","isTaoke":"NO","isTmall":"YES","tfRate":"0.45","tmRate":"0.0058","rate":"21.90","jfb":"1511","discount":""},{"itemId":"533949488036","fanli":"14.82","title":"韩版轻薄中长款防晒衣","price":"58.0","oldPrice":"299.0","imageUrl":"https://img.alicdn.com/imgextra/i4/604371516/TB2uTHXoYFlpuFjy0FgXXbRBVXa_!!604371516.jpg","tk_rate":"0.35","isTaoke":"NO","isTmall":"YES","tfRate":"0.45","tmRate":"0.0058","rate":"25.55","jfb":"1482","discount":""},{"itemId":"529564545053","fanli":"25.46","title":"花花公子男士钱包","price":"109.0","oldPrice":"238.0","imageUrl":"https://img.alicdn.com/imgextra/i1/2166264150/TB2etB4dyBnpuFjSZFzXXaSrpXa_!!2166264150.jpg","tk_rate":"0.32","isTaoke":"NO","isTmall":"YES","tfRate":"0.45","tmRate":"0.0058","rate":"23.36","jfb":"2546","discount":""},{"itemId":"545638973604","fanli":"20.15","title":"南极人男士内裤7条装","price":"69.0","oldPrice":"200.0","imageUrl":"https://img.alicdn.com/imgextra/i1/604371516/TB2bTe6o80kpuFjy1zdXXXuUVXa_!!604371516.jpg","tk_rate":"0.4","isTaoke":"NO","isTmall":"NO","tfRate":"0.45","tmRate":"0.0058","rate":"29.20","jfb":"2015","discount":""},{"itemId":"536896056006","fanli":"17.37","title":"巨源开口大榛子500g","price":"68.0","oldPrice":"69.0","imageUrl":"https://img.alicdn.com/imgextra/i2/604371516/TB2oF.PlNRDOuFjSZFzXXcIipXa_!!604371516.jpg","tk_rate":"0.35","isTaoke":"NO","isTmall":"YES","tfRate":"0.45","tmRate":"0.0058","rate":"25.55","jfb":"1737","discount":""}],
        [{"itemId":"542507573042","fanli":"4.07","title":"圆黑枣特级大乌枣500g","price":"18.0","oldPrice":"46.8","imageUrl":"https://img.alicdn.com/imgextra/i1/604371516/TB2H7abrYxmpuFjSZJiXXXauVXa_!!604371516.jpg","tk_rate":"0.31","isTaoke":"NO","isTmall":"NO","tfRate":"0.45","tmRate":"0.0058","rate":"22.63","jfb":"407","discount":""},{"itemId":"534334980108","fanli":"12.92","title":"德芙巧克力礼盒装","price":"59.0","oldPrice":"198.0","imageUrl":"https://img.alicdn.com/imgextra/i1/604371516/TB2L0E7rJBopuFjSZPcXXc9EpXa_!!604371516.jpg","tk_rate":"0.3","isTaoke":"NO","isTmall":"YES","tfRate":"0.45","tmRate":"0.0058","rate":"21.90","jfb":"1292","discount":""},{"itemId":"42927108068","fanli":"12.68","title":"洁婷卫生巾组合10包","price":"59.9","oldPrice":"89.9","imageUrl":"https://img.alicdn.com/imgextra/i2/654768125/TB2k0aZo80lpuFjSszdXXcdxFXa_!!654768125.jpg","tk_rate":"0.29","isTaoke":"NO","isTmall":"YES","tfRate":"0.45","tmRate":"0.0058","rate":"21.17","jfb":"1268","discount":""},{"itemId":"547492606525","fanli":"4.21","title":"特大号家用洗衣篓","price":"19.9","oldPrice":"59.7","imageUrl":"https://img.alicdn.com/imgextra/i2/921705597/TB2R_AQl9FjpuFjSspbXXXagVXa_!!921705597.jpg","tk_rate":"0.29","isTaoke":"NO","isTmall":"YES","tfRate":"0.45","tmRate":"0.0058","rate":"21.17","jfb":"421","discount":""},{"itemId":"45155193965","fanli":"42.13","title":"恒源祥凉席竹席","price":"199.0","oldPrice":"629.0","imageUrl":"https://img.alicdn.com/imgextra/i2/439662048/TB2UszPmbRkpuFjSspmXXc.9XXa_!!439662048.jpg","tk_rate":"0.29","isTaoke":"NO","isTmall":"YES","tfRate":"0.45","tmRate":"0.0058","rate":"21.17","jfb":"4213","discount":""},{"itemId":"534423379942","fanli":"14.89","title":"露行者烧烤架户外烧烤炉","price":"68.0","oldPrice":"170.0","imageUrl":"https://img.alicdn.com/imgextra/i3/654768125/TB2vskso3xlpuFjy0FoXXa.lXXa_!!654768125.jpg","tk_rate":"0.3","isTaoke":"NO","isTmall":"NO","tfRate":"0.45","tmRate":"0.0058","rate":"21.90","jfb":"1489","discount":""},{"itemId":"545039910810","fanli":"10.70","title":"记忆棉腰靠垫","price":"29.9","oldPrice":"90.0","imageUrl":"https://img.alicdn.com/imgextra/i1/654768125/TB2EAWMo4dkpuFjy0FbXXaNnpXa_!!654768125.jpg","tk_rate":"0.49","isTaoke":"NO","isTmall":"NO","tfRate":"0.45","tmRate":"0.0058","rate":"35.77","jfb":"1070","discount":""},{"itemId":"528951342517","fanli":"4.36","title":"贝益佳儿童短袖套装","price":"24.9","oldPrice":"98.0","imageUrl":"https://img.alicdn.com/imgextra/i2/2190144717/TB2PQAzkHRkpuFjSspmXXc.9XXa_!!2190144717.jpg","tk_rate":"0.24","isTaoke":"NO","isTmall":"YES","tfRate":"0.45","tmRate":"0.0058","rate":"17.52","jfb":"436","discount":""},{"itemId":"548462362828","fanli":"13.31","title":"女童POLO纯棉连衣裙","price":"38.8","oldPrice":"78.0","imageUrl":"https://img.alicdn.com/imgextra/i4/1582658584/TB2b3iyr7qvpuFjSZFhXXaOgXXa_!!1582658584.jpg","tk_rate":"0.47","isTaoke":"NO","isTmall":"NO","tfRate":"0.45","tmRate":"0.0058","rate":"34.31","jfb":"1331","discount":""},{"itemId":"536044491965","fanli":"9.61","title":"麻辣零食大礼包1000g","price":"32.9","oldPrice":"34.4","imageUrl":"https://gd3.alicdn.com/imgextra/i3/1900717893/TB2DUOntpXXXXa4XpXXXXXXXXXX_!!1900717893.jpg","tk_rate":"0.4","isTaoke":"NO","isTmall":"NO","tfRate":"0.45","tmRate":"0.0058","rate":"29.20","jfb":"961","discount":""},{"itemId":"540171638064","fanli":"9.61","title":"蓝莓干野生500g","price":"39.9","oldPrice":"128.5","imageUrl":"https://gd1.alicdn.com/imgextra/i1/2274656816/TB2uGdRqd0opuFjSZFxXXaDNVXa_!!2274656816.jpg","tk_rate":"0.33","isTaoke":"NO","isTmall":"NO","tfRate":"0.45","tmRate":"0.0058","rate":"24.09","jfb":"961","discount":""},{"itemId":"537350264517","fanli":"6.54","title":"真皮宝宝鞋学步防滑凉鞋","price":"28.0","oldPrice":"98.0","imageUrl":"https://img.alicdn.com/imgextra/i1/2275267233/TB2MJ8zr4tmpuFjSZFqXXbHFpXa_!!2275267233.jpg","tk_rate":"0.32","isTaoke":"NO","isTmall":"NO","tfRate":"0.45","tmRate":"0.0058","rate":"23.36","jfb":"654","discount":""}],
        [{"itemId":"548401036539","fanli":"9.81","title":"有友凤爪428g+豆干428g","price":"44.8","oldPrice":"58.8","imageUrl":"https://img.alicdn.com/imgextra/i2/2139301795/TB2RhswlgJlpuFjSspjXXcT.pXa_!!2139301795.jpg","tk_rate":"0.3","isTaoke":"NO","isTmall":"YES","tfRate":"0.45","tmRate":"0.0058","rate":"21.90","jfb":"981","discount":""},{"itemId":"44714514805","fanli":"7.41","title":"旅行收纳袋行李箱衣服","price":"29.0","oldPrice":"110.0","imageUrl":"https://img.alicdn.com/imgextra/i4/902944118/TB2bYgQgH8kpuFjy0FcXXaUhpXa_!!902944118.jpg","tk_rate":"0.35","isTaoke":"NO","isTmall":"YES","tfRate":"0.45","tmRate":"0.0058","rate":"25.55","jfb":"741","discount":""},{"itemId":"544942589965","fanli":"19.91","title":"每日坚果30包750g","price":"88.0","oldPrice":"289.0","imageUrl":"https://img.alicdn.com/imgextra/i4/880957299/TB25Bxhr4tmpuFjSZFqXXbHFpXa_!!880957299.jpg","tk_rate":"0.31","isTaoke":"NO","isTmall":"YES","tfRate":"0.45","tmRate":"0.0058","rate":"22.63","jfb":"1991","discount":""},{"itemId":"548668202075","fanli":"4.80","title":"紫米红豆面包750g","price":"18.8","oldPrice":"39.8","imageUrl":"https://img.alicdn.com/imgextra/i3/880957299/TB2Qk1UoYBkpuFjy1zkXXbSpFXa_!!880957299.jpg","tk_rate":"0.35","isTaoke":"NO","isTmall":"YES","tfRate":"0.45","tmRate":"0.0058","rate":"25.55","jfb":"480","discount":""},{"itemId":"537825209788","fanli":"15.37","title":"黄桃罐头425*12罐","price":"65.8","oldPrice":"248.0","imageUrl":"https://img.alicdn.com/imgextra/i4/2918323975/TB2gGE6cMOI.eBjSszhXXbHvFXa_!!2918323975.jpg","tk_rate":"0.32","isTaoke":"NO","isTmall":"YES","tfRate":"0.45","tmRate":"0.0058","rate":"23.36","jfb":"1537","discount":""},{"itemId":"538110143980","fanli":"19.81","title":"熙世界V领纯棉长袖t恤","price":"59.0","oldPrice":"59.0","imageUrl":"https://img.alicdn.com/imgextra/i4/604371516/TB20XsYoORnpuFjSZFCXXX2DXXa_!!604371516.jpg","tk_rate":"0.46","isTaoke":"NO","isTmall":"NO","tfRate":"0.45","tmRate":"0.0058","rate":"33.58","jfb":"1981","discount":""},{"itemId":"545736471194","fanli":"12.92","title":"韩后防晒霜户外面部全身","price":"59.0","oldPrice":"118.0","imageUrl":"https://img.alicdn.com/bao/uploaded/i4/TB1n3haQFXXXXXMXVXXXXXXXXXX_!!0-item_pic.jpg","tk_rate":"0.3","isTaoke":"NO","isTmall":"YES","tfRate":"0.45","tmRate":"0.0058","rate":"21.90","jfb":"1292","discount":""},{"itemId":"548343819287","fanli":"15.28","title":"韩国宽松高腰运动短裤","price":"29.9","oldPrice":"299.0","imageUrl":"https://img.alicdn.com/imgextra/i2/1582658584/TB2GHBorYJmpuFjSZFwXXaE4VXa_!!1582658584.jpg","tk_rate":"0.7","isTaoke":"NO","isTmall":"YES","tfRate":"0.45","tmRate":"0.0058","rate":"51.10","jfb":"1528","discount":""},{"itemId":"532628892066","fanli":"8.47","title":"海边度假夏雪纺半身裙","price":"29.0","oldPrice":"158.0","imageUrl":"https://img.alicdn.com/imgextra/i2/1582658584/TB2VYnHo3JlpuFjSspjXXcT.pXa_!!1582658584.jpg","tk_rate":"0.4","isTaoke":"NO","isTmall":"NO","tfRate":"0.45","tmRate":"0.0058","rate":"29.20","jfb":"847","discount":""},{"itemId":"546096801565","fanli":"4.73","title":"男士薄款丝袜短袜10双","price":"13.8","oldPrice":"58.0","imageUrl":"https://img.alicdn.com/imgextra/i2/880957299/TB2WCfBoYXlpuFjy1zbXXb_qpXa_!!880957299.jpg","tk_rate":"0.49","isTaoke":"NO","isTmall":"NO","tfRate":"0.45","tmRate":"0.0058","rate":"34.30","jfb":"473","discount":""},{"itemId":"544874006596","fanli":"3.31","title":"宝宝袜子纯棉5双","price":"16.8","oldPrice":"26.0","imageUrl":"https://img.alicdn.com/imgextra/i3/654768125/TB2Yn_6kNXkpuFjy0FiXXbUfFXa_!!654768125.jpg","tk_rate":"0.27","isTaoke":"NO","isTmall":"NO","tfRate":"0.45","tmRate":"0.0058","rate":"19.71","jfb":"331","discount":""},{"itemId":"549442502888","fanli":"6.77","title":"烤海鸭蛋咸鸭蛋20枚","price":"29.9","oldPrice":"60.0","imageUrl":"https://gd2.alicdn.com/imgextra/i2/21898669/TB2mr2xtVXXXXapXpXXXXXXXXXX_!!21898669.png","tk_rate":"0.31","isTaoke":"NO","isTmall":"NO","tfRate":"0.45","tmRate":"0.0058","rate":"22.63","jfb":"677","discount":""}],
        [{"itemId":"544833951792","fanli":"10.73","title":"铝合金直播手机三脚架","price":"19.9","oldPrice":"58.0","imageUrl":"https://img.alicdn.com/imgextra/i2/439662048/TB2Mx6idH_0UKFjy1XaXXbKfXXa_!!439662048.jpg","tk_rate":"0.7","isTaoke":"NO","isTmall":"YES","tfRate":"0.45","tmRate":"0.0058","rate":"53.90","jfb":"1073","discount":""},{"itemId":"521453655042","fanli":"4.50","title":"6双装运动鞋垫","price":"15.8","oldPrice":"80.0","imageUrl":"https://img.alicdn.com/imgextra/i4/654768125/TB2RHtvrHBmpuFjSZFuXXaG_XXa_!!654768125.jpg","tk_rate":"0.39","isTaoke":"NO","isTmall":"YES","tfRate":"0.45","tmRate":"0.0058","rate":"28.47","jfb":"450","discount":""},{"itemId":"545332889755","fanli":"20.95","title":"正宗化州橘红柚子参切片","price":"41.0","oldPrice":"99.0","imageUrl":"https://img.alicdn.com/imgextra/i4/439662048/TB2e3m1d_cCL1FjSZFPXXXZgpXa_!!439662048.png","tk_rate":"0.7","isTaoke":"NO","isTmall":"NO","tfRate":"0.45","tmRate":"0.0058","rate":"51.10","jfb":"2095","discount":""},{"itemId":"546242844686","fanli":"8.19","title":"男士运动休闲鞋","price":"39.0","oldPrice":"198.0","imageUrl":"https://img.alicdn.com/imgextra/i1/2617232818/TB2tiIahYBkpuFjy1zkXXbSpFXa_!!2617232818.jpg","tk_rate":"0.3","isTaoke":"NO","isTmall":"YES","tfRate":"0.45","tmRate":"0.0058","rate":"21.00","jfb":"819","discount":""},{"itemId":"546910272514","fanli":"5.97","title":"越南黄龙绿豆糕410g*3盒","price":"24.8","oldPrice":"53.6","imageUrl":"https://img.alicdn.com/imgextra/i4/41524409/TB2Mo6Sf.hnpuFjSZFEXXX0PFXa_!!41524409.jpg","tk_rate":"0.33","isTaoke":"NO","isTmall":"NO","tfRate":"0.45","tmRate":"0.0058","rate":"24.09","jfb":"597","discount":""},{"itemId":"533276701952","fanli":"2.46","title":"小中大男童露趾沙滩鞋","price":"9.9","oldPrice":"36.0","imageUrl":"https://img.alicdn.com/bao/uploaded/i1/1027403035/TB2waHfqXXXXXaWXFXXXXXXXXXX_!!1027403035.jpg","tk_rate":"0.34","isTaoke":"NO","isTmall":"NO","tfRate":"0.45","tmRate":"0.0058","rate":"24.82","jfb":"246","discount":""},{"itemId":"547295956303","fanli":"20.34","title":"【买2送1】野生桃胶250g","price":"39.8","oldPrice":"69.0","imageUrl":"https://img.alicdn.com/imgextra/i3/880957299/TB2mTAKoHBkpuFjy1zkXXbSpFXa_!!880957299.jpg","tk_rate":"0.7","isTaoke":"NO","isTmall":"NO","tfRate":"0.45","tmRate":"0.0058","rate":"51.10","jfb":"2034","discount":""},{"itemId":"542946078864","fanli":"4.19","title":"禧客手撕面包整箱2斤","price":"19.8","oldPrice":"40.0","imageUrl":"https://img.alicdn.com/imgextra/i3/654768125/TB2pcfjrUhnpuFjSZFpXXcpuXXa_!!654768125.jpg","tk_rate":"0.29","isTaoke":"NO","isTmall":"YES","tfRate":"0.45","tmRate":"0.0058","rate":"21.17","jfb":"419","discount":""},{"itemId":"548694785357","fanli":"9.55","title":"烟管裤直筒九分西装裤","price":"39.0","oldPrice":"138.0","imageUrl":"https://img.alicdn.com/imgextra/i1/2275267233/TB2Roe3rJBopuFjSZPcXXc9EpXa_!!2275267233.jpg","tk_rate":"0.35","isTaoke":"NO","isTmall":"NO","tfRate":"0.45","tmRate":"0.0058","rate":"24.50","jfb":"955","discount":""},{"itemId":"543460687700","fanli":"3.76","title":"隐形无痕蕾丝船袜五双","price":"16.8","oldPrice":"19.9","imageUrl":"https://img.alicdn.com/imgextra/i3/439662048/TB2XK0HrYBmpuFjSZFuXXaG_XXa_!!439662048.jpg","tk_rate":"0.32","isTaoke":"NO","isTmall":"YES","tfRate":"0.45","tmRate":"0.0058","rate":"22.40","jfb":"376","discount":""},{"itemId":"543898186277","fanli":"4.01","title":"春夏女丝袜短袜40双","price":"18.5","oldPrice":"36.8","imageUrl":"https://img.alicdn.com/imgextra/i1/604371516/TB2kwuJpSFmpuFjSZFrXXayOXXa_!!604371516.jpg","tk_rate":"0.31","isTaoke":"NO","isTmall":"NO","tfRate":"0.45","tmRate":"0.0058","rate":"21.70","jfb":"401","discount":""},{"itemId":"36637099874","fanli":"6.75","title":"山东手撕碳烤鱿鱼丝500g","price":"26.8","oldPrice":"30.1","imageUrl":"https://gd1.alicdn.com/imgextra/i1/224814302/TB2g1z7cVXXXXbfXpXXXXXXXXXX_!!224814302.jpg","tk_rate":"0.36","isTaoke":"NO","isTmall":"NO","tfRate":"0.45","tmRate":"0.0058","rate":"25.20","jfb":"675","discount":""}]
    ],
    "sale" : [
        {"pinpaitList":[{"pinpaitId":37054,"banner":"https://img.alicdn.com/imgextra/i1/880957299/TB2ce9ro80kpuFjy1zdXXXuUVXa_!!880957299.jpg","title":"敏杨","desc":"餐桌新主义","tag":"今日上新","fullCut":"0","upRate":"30.8%","itemList":[{"title":"敏杨36头碗碟套装","image":"https://img.alicdn.com/imgextra/i2/880957299/TB2g0Gcmr0kpuFjy0FjXXcBbVXa_!!880957299.jpg","handPrice":"206.91"},{"title":"敏杨4/5L韩式汤煲","image":"http://img1.tbcdn.cn/tfscom/i4/1904053398/TB2vnY.iFXXXXcVXXXXXXXXXXXX_!!1904053398.jpg","handPrice":"88.99"},{"title":"敏杨带盖大号面杯碗","image":"http://img4.tbcdn.cn/tfscom/i4/1904053398/TB2pTL8cVXXXXaJXpXXXXXXXXXX_!!1904053398.jpg","handPrice":"25.96"}]},{"pinpaitId":37053,"banner":"https://img.alicdn.com/imgextra/i1/880957299/TB2EBE_ngxlpuFjSszbXXcSVpXa_!!880957299.jpg","title":"祖谷御膳坊","desc":"东北大米专场","tag":"今日上新","fullCut":"0","upRate":"29.2%","itemList":[{"title":"五常有机香米新米10斤","image":"http://img2.tbcdn.cn/tfscom/i1/2980733464/TB2VIG6fmFmpuFjSZFrXXayOXXa_!!2980733464.gif","handPrice":"43.68"},{"title":"长粒香富硒米10斤","image":"https://img.alicdn.com/imgextra/i2/2980733464/TB2OY6EaNuI.eBjy0FdXXXgbVXa_!!2980733464.jpg","handPrice":"42.27"},{"title":"东北有机大米10斤","image":"https://img.alicdn.com/imgextra/i1/880957299/TB2HenJe5pnpuFjSZFkXXc4ZpXa_!!880957299.jpg","handPrice":"50.26"}]},{"pinpaitId":37052,"banner":"https://img.alicdn.com/imgextra/i2/880957299/TB27t_beMNlpuFjy0FfXXX3CpXa_!!880957299.jpg","title":"中宇卫浴","desc":"卫浴十大品牌","tag":"今日上新","fullCut":"0","upRate":"38.5%","itemList":[{"title":"中宇卫浴淋浴器花洒套装","image":"https://img.alicdn.com/imgextra/i3/880957299/TB21yIBXNaJ.eBjSsziXXaJ_XXa_!!880957299.jpg","handPrice":"429.89"},{"title":"蓝藤卫浴花洒套装全铜龙头","image":"https://img.alicdn.com/imgextra/i1/880957299/TB2H3r0dr5K.eBjy0FfXXbApVXa_!!880957299.jpg","handPrice":"429.89"},{"title":"太空铝置物架双层网篮","image":"https://img.alicdn.com/imgextra/i3/880957299/TB2Yyn1dreI.eBjSspkXXaXqVXa_!!880957299.jpg","handPrice":"60.89"}]},{"pinpaitId":37051,"banner":"https://img.alicdn.com/imgextra/i3/604371516/TB2s5EkrHBnpuFjSZFGXXX51pXa_!!604371516.jpg","title":"三彩","desc":"仲夏购浪漫","tag":"今日上新","fullCut":"0","upRate":"53.9%","itemList":[{"title":"三彩夏款 印花网纱蓬蓬裙","image":"https://img.alicdn.com/imgextra/i3/604371516/TB2cS._rS0mpuFjSZPiXXbssVXa_!!604371516.jpg","handPrice":"45.18"},{"title":"三彩春品 修身印花短裤","image":"https://img.alicdn.com/imgextra/i3/604371516/TB2Gp2UlNRDOuFjSZFzXXcIipXa_!!604371516.jpg","handPrice":"59.01"},{"title":"三彩夏品 修身小脚九分裤","image":"https://img.alicdn.com/imgextra/i2/604371516/TB26DcXrNtmpuFjSZFqXXbHFpXa_!!604371516.jpg","handPrice":"77.45"}]},{"pinpaitId":37027,"banner":"https://img.alicdn.com/imgextra/i3/604371516/TB28e4Ro30kpuFjSspdXXX4YXXa_!!604371516.jpg","title":"银吉美","desc":"银吉美 饰真的爱你","tag":"今日上新","fullCut":"0","upRate":"61.6%","itemList":[{"title":"925银心形项链爱心吊坠","image":"https://img.alicdn.com/imgextra/i1/604371516/TB2K554r9VmpuFjSZFFXXcZApXa_!!604371516.jpg","handPrice":"83.71"},{"title":"几何三角形锁骨链925银","image":"https://img.alicdn.com/imgextra/i1/604371516/TB27DEjo4XkpuFjy0FiXXbUfFXa_!!604371516.jpg","handPrice":"45.70"},{"title":"生肖年18K金项链","image":"http://img4.tbcdn.cn/tfscom/i1/1943855879/TB2Ouiic0RopuFjSZFtXXcanpXa_!!1943855879.jpg","handPrice":"110.08"}]},{"pinpaitId":37026,"banner":"https://img.alicdn.com/imgextra/i4/604371516/TB2ES.9oHXlpuFjy1zbXXb_qpXa_!!604371516.jpg","title":"霓贝","desc":"夏季新品 真丝女装","tag":"今日上新","fullCut":"0","upRate":"53.9%","itemList":[{"title":"桑蚕丝中长款连衣裙","image":"https://img.alicdn.com/imgextra/i2/604371516/TB2bqReoYRkpuFjSspmXXc.9XXa_!!604371516.jpg","handPrice":"105.11"},{"title":"小鸟印花真丝连衣裙","image":"https://img.alicdn.com/imgextra/i1/604371516/TB2JjM9oKJ8puFjy1XbXXagqVXa_!!604371516.jpg","handPrice":"119.40"},{"title":"印花无袖真丝连衣裙","image":"https://img.alicdn.com/imgextra/i4/604371516/TB2gKcqoMNlpuFjy0FfXXX3CpXa_!!604371516.jpg","handPrice":"72.84"}]}],"pageNo":2,"pageSize":6,"totalPage":28},
        {"cateList":[{"cid":0,"name":"全部"},{"cid":100,"name":"女装"},{"cid":110,"name":"男装"},{"cid":120,"name":"内衣"},{"cid":130,"name":"美妆"},{"cid":140,"name":"居家"},{"cid":150,"name":"母婴童装"},{"cid":160,"name":"食品"},{"cid":170,"name":"鞋包配饰"},{"cid":180,"name":"数码电器"},{"cid":190,"name":"文体户外"},{"cid":1,"name":"最后疯抢"}],"pinpaitList":[{"pinpaitId":37062,"banner":"https://img.alicdn.com/imgextra/i2/1582658584/TB2eiivo3NlpuFjy0FfXXX3CpXa_!!1582658584.jpg","title":"木林森男装","desc":"木林森男装","tag":"今日上新","fullCut":"1","juanStrList":["满98减40","满128减50"],"itemList":[{"title":"木林森翻领透气干运动POLO衫","image":"http://img2.tbcdn.cn/tfscom/i1/3173051986/TB2smBLobVkpuFjSspcXXbSMVXa_!!3173051986.jpg","afterJuanPrice":"58.0"},{"title":"木林森男士休闲简约翻领polo衫","image":"http://img1.tbcdn.cn/tfscom/i4/3173051986/TB2sm52g88kpuFjSspeXXc7IpXa_!!3173051986.jpg","afterJuanPrice":"88.0"},{"title":"木林森运动休闲纯色POLO衫","image":"http://img2.tbcdn.cn/tfscom/i3/3173051986/TB2aeLAgYFkpuFjy1XcXXclapXa_!!3173051986.jpg","afterJuanPrice":"78.0"}]},{"pinpaitId":37061,"banner":"https://img.alicdn.com/imgextra/i3/1582658584/TB2pCTXoYVkpuFjSspcXXbSMVXa_!!1582658584.jpg","title":"花季e柜","desc":"品质生活","tag":"今日上新","fullCut":"1","juanStrList":["满29减10","满39减20"],"itemList":[{"title":"纯棉宽松圆领百搭T恤","image":"http://img1.tbcdn.cn/tfscom/i4/2089174577/TB2NBpEpItnpuFjSZFKXXalFFXa_!!2089174577.jpg","afterJuanPrice":"19.9"},{"title":"宽松大码个性印花中长款t恤","image":"http://img1.tbcdn.cn/tfscom/i2/2089174577/TB27jsijdRopuFjSZFtXXcanpXa_!!2089174577.jpg","afterJuanPrice":"19.9"},{"title":"夏季韩版宽松奥代尔纯棉t恤","image":"http://img2.tbcdn.cn/tfscom/i1/2089174577/TB2rNeZkB0kpuFjy1zdXXXuUVXa_!!2089174577.jpg","afterJuanPrice":"19.9"}]},{"pinpaitId":37060,"banner":"https://img.alicdn.com/imgextra/i1/1582658584/TB2yuGarYBmpuFjSZFAXXaQ0pXa_!!1582658584.jpg","title":"云上生活","desc":"原创文艺系列","tag":"今日上新","fullCut":"0","upRate":"53.9%","itemList":[{"title":"云上生活直筒短袖t恤","image":"https://img.alicdn.com/imgextra/i3/1582658584/TB2WOKToYXlpuFjSszfXXcSGXXa_!!1582658584.jpg","handPrice":"58.55"},{"title":"云上生活水洗牛仔背带裙","image":"https://img.alicdn.com/imgextra/i3/1582658584/TB2WbZkpHBmpuFjSZFAXXaQ0pXa_!!1582658584.jpg","handPrice":"146.99"},{"title":"云上生活百搭刺绣七分袖T恤","image":"http://img1.tbcdn.cn/tfscom/i2/39501878/TB2NNTckwFkpuFjSspnXXb4qFXa_!!39501878.jpg","handPrice":"108.28"}]},{"pinpaitId":37058,"banner":"https://img.alicdn.com/imgextra/i3/439662048/TB2zLgma9B0XKJjSZFsXXaxfpXa_!!439662048.jpg","title":"永汇茶花","desc":"芬芳千万家","tag":"今日上新","fullCut":"0","upRate":"38.5%","itemList":[{"title":"茶花沥水皂盒3个12元","image":"https://img.alicdn.com/imgextra/i1/890824209/TB24jnnc4aJ.eBjSsziXXaJ_XXa_!!890824209.jpg","handPrice":"4.86"},{"title":"茶花保险袋买2送1 拍3组","image":"http://img01.taobaocdn.com/bao/uploaded/i1/TB1bvKzPVXXXXaZXVXXXXXXXXXX_!!0-item_pic.jpg","handPrice":"9.29"},{"title":"茶花浴花3个12元","image":"https://img.alicdn.com/imgextra/i4/1624977387/TB2dnxlXYDD11BjSszfXXbwoFXa_!!1624977387.jpg","handPrice":"6.17"}]},{"pinpaitId":37057,"banner":"https://img.alicdn.com/imgextra/i2/439662048/TB2ERpir.hnpuFjSZFEXXX0PFXa_!!439662048.jpg","title":"鞋博士鞋类","desc":"就要穿出精彩","tag":"今日上新","fullCut":"0","upRate":"53.9%","itemList":[{"title":"透气防滑包头沙滩鞋","image":"https://img.alicdn.com/imgextra/i3/439662048/TB2VVMHnlNkpuFjy0FaXXbRCVXa_!!439662048.jpg","handPrice":"13.37"},{"title":"透气包头花园鞋","image":"http://img3.tbcdn.cn/tfscom/i1/TB1cRfMQVXXXXcqXFXXXXXXXXXX_!!0-item_pic.jpg","handPrice":"30.46"},{"title":"透气印花花园鞋","image":"http://img4.tbcdn.cn/tfscom/i4/2058140078/TB2iAwvlVXXXXXmXXXXXXXXXXXX_!!2058140078.jpg","handPrice":"38.27"}]},{"pinpaitId":37055,"banner":"https://img.alicdn.com/imgextra/i3/273369407/TB2wRtgrZtnpuFjSZFKXXalFFXa_!!273369407.jpg","title":"洛娃","desc":"洛娃旗舰店","tag":"今日上新","fullCut":"0","upRate":"53.9%","itemList":[{"title":"卫尔博士除菌洗衣液2kg","image":"https://img.alicdn.com/imgextra/i1/1718275164/TB2kaDyo9BjpuFjy1XdXXaooVXa_!!1718275164.jpg","handPrice":"27.20"},{"title":"洛娃女性内衣专用洗衣液450g","image":"http://img3.tbcdn.cn/tfscom/i4/1718275164/TB2LGphahRDOuFjSZFzXXcIipXa_!!1718275164.jpg","handPrice":"9.17"},{"title":"抽油烟机清洗剂500gx2瓶","image":"http://img02.taobaocdn.com/bao/uploaded/i2/TB1TEb6QXXXXXauXFXXXXXXXXXX_!!0-item_pic.jpg","handPrice":"17.02"}]}],"pageNo":1,"pageSize":6,"totalPage":28}
    ]
}